jelly_id,balisee_id,marked,nb_frames,frame_start,frame_end,speed_mean_px_s,speed_median_px_s,speed_max_px_s,speed_std_px_s
764,Balisée #3,1,1020,200,1226,11.473401542059742,11.86001686339409,47.323065200809324,5.59680279369327
765,,0,140,200,343,12.46928739606545,11.867813614983378,34.89530770748492,5.1850801043181
767,Balisée #1,1,416,200,650,12.162326533096845,11.53126185636323,203.25325335649597,11.032067336237178
770,,0,672,200,873,13.46571045423044,13.175071157304073,56.05347892860937,5.5048346806494575
771,Balisée #2,1,918,200,1163,9.661924047575196,9.56882960450229,77.665565085178,6.085388724642036
775,,0,1,200,200,,,,
787,Balisée #4,1,92,239,334,12.319035396947566,13.012397934277669,24.123432591569568,3.774460059806287
795,,0,186,281,474,15.027854778840974,14.314765104604277,92.57348432461647,7.2303603697332
810,,0,240,323,562,12.695733183846887,12.93145390124452,26.02522814501321,4.003499143329308
814,,0,14,330,345,20.322429792285444,17.613914953808465,54.81005838347575,10.479215601168173
819,,0,1,340,340,,,,
832,,0,2,381,382,6.200806399171041,6.200806399171041,6.200806399171041,
842,,0,154,396,556,10.20978574121196,9.948994924111958,23.379050451205934,3.9265895986088672
847,Balisée #5,1,137,412,550,5.255740744693814,4.741280184453485,17.655098413773562,3.37778443114209
863,Balisée #4,1,165,458,640,9.984027503371246,9.273346260611802,28.736953561573163,4.414046492340067
878,,0,362,502,924,15.897396063593229,13.712494302642398,206.0612166323398,16.27438599468224
900,,0,246,562,807,7.499520880052809,7.133372274037139,23.030957426906227,3.130161776029723
902,,0,327,570,896,15.464165892833558,14.876994145915187,27.698420532586052,4.179275195124309
904,,0,6,572,581,22.298907332941692,16.76968991961416,52.25863565000549,18.393671865511518
917,,0,2,602,603,8.118189453319623,8.118189453319623,8.118189453319623,
936,Balisée #1,1,38,647,698,14.922816360681193,10.567047837499402,133.59379663741828,20.683061990577865
942,Balisée #4,1,91,670,762,13.060990407653836,13.04477576639345,47.547502563226615,4.643528977416737
945,Balisée #5,1,223,676,965,7.331065472218132,5.079737734576376,176.40978572630277,15.4331984596138
946,Balisée #1,1,13,679,691,9.060253994114861,9.687667020375297,12.823513559082686,2.877010297095219
949,,0,40,694,737,4.2537109321808675,3.7712729946265764,11.025538535600726,2.562465860683335
958,Balisée #1,1,313,721,1069,7.391384612787418,6.031876196765751,45.945756060815896,5.695155540992103
961,,0,1,725,725,,,,
967,,0,48,737,787,5.746816826439877,5.657958995962435,11.469306866589486,2.5616529525888048
981,Balisée #4,1,56,784,841,4.788840228471532,4.2979646345679425,9.396275858020314,1.628837404291911
984,,0,1,792,792,,,,
992,,0,293,808,1107,8.37821916484921,7.808888604038765,27.878531166472488,4.235794751605882
994,,0,154,814,968,15.78414015531343,16.0269304609457,26.587073927005385,3.5224264516299915
1000,,0,1,830,830,,,,
1002,,0,8,832,839,4.91774538945738,3.844801685392985,7.973863555391314,2.4351749420831488
1005,,0,1,840,840,,,,
1027,,0,2,867,868,10.801041616437352,10.801041616437352,10.801041616437352,
1030,,0,14,870,889,21.418345405521112,17.604544867732184,52.01278688937893,12.378217565436147
1033,,0,98,873,973,7.995430357013688,7.192530848039887,47.27359199383982,5.175586279587942
1038,Balisée #4,1,82,879,963,13.847993536393712,14.278392766694438,24.557534485367448,2.738610679468408
1047,,0,2,895,896,10.734174397689191,10.734174397689191,10.734174397689191,
1048,,0,202,896,1097,16.210030042973717,15.818106713510169,25.666563852607993,3.4612119461135125
1049,,0,2,901,902,6.825869907930775,6.825869907930775,6.825869907930775,
1052,,0,263,905,1186,17.172087914475387,15.032320994481019,195.49847186103594,12.604095214847936
1062,,0,1,920,920,,,,
1080,,0,7,946,952,6.396808195065091,5.290470456195878,11.328283188550586,2.85779878554431
1088,,0,197,965,1161,17.414268123098413,17.520331175490966,25.56213019292265,2.519032765557084
1089,Balisée #4,1,5,967,973,10.770281769928216,11.223859704191394,17.23267245670357,7.2399153398692775
1094,,0,44,973,1017,3.801766911410111,3.609016486523715,7.686676785191633,1.9636120695472368
1113,,0,26,1013,1038,5.381113769674382,5.434381289530716,9.116605728011143,1.9370065494804216
1116,,0,34,1017,1072,13.235573432590156,10.502618721061967,38.48405513975822,8.25154183517943
1119,,0,26,1020,1050,5.815082220516939,5.810550748422206,13.268477682085912,2.660008374169884
1124,,0,1,1034,1034,,,,
1126,,0,1,1037,1037,,,,
1135,,0,43,1054,1118,12.448248887286649,8.314143350724718,160.68784179271228,23.775638887513217
1136,,0,12,1057,1077,13.736499649574672,6.901630242195785,86.51388616863699,24.192921177793835
1143,,0,6,1076,1086,15.316871685233465,8.104319835741657,36.89146242696209,12.700907535393394
1162,,0,1,1090,1090,,,,
1165,Balisée #1,1,53,1092,1151,6.337131607766169,5.555873840886985,22.787551426163482,3.673546598727856
1169,,0,1,1096,1096,,,,
1170,,0,75,1096,1170,18.328081355332387,18.43318923012842,25.072096043211065,2.8441386581411088
1178,Balisée #5,1,21,1106,1132,20.195387998512295,16.151160521755433,74.04761981319889,13.760662988523954
1193,Balisée #4,1,84,1118,1204,12.760045082271205,12.82195382927242,57.94100447869353,6.312913795534512
1195,,0,73,1119,1204,5.744676247567301,4.613287336428058,53.83553659061944,6.7694487952171185
1199,,0,1,1123,1123,,,,
1203,,0,16,1126,1143,16.208082936091554,13.308737731279885,41.544464131818856,7.6547054298632515
1217,Balisée #1,1,349,1151,1502,7.581336002406565,7.441011806053828,21.50453440556232,3.337085890585693
1219,,0,342,1160,1502,11.382340544158243,11.671011095872913,23.877290466048375,4.911578425532363
1220,Balisée #2,1,288,1161,1448,10.120469795570047,10.783900036629344,24.710018211244055,5.232280503538843
1222,,0,86,1170,1255,18.93904742773039,18.700000000001182,24.852062288670403,2.4998595557343593
1224,,0,2,1171,1175,19.143667360251563,19.143667360251563,19.143667360251563,
1237,Balisée #5,1,44,1194,1253,25.60841729340605,20.254011948254647,100.46496901905557,16.174434515949812
1242,,0,1,1199,1199,,,,
1246,,0,195,1202,1455,20.889103747460602,16.226983576396158,152.0592812030887,16.954584162805933
1248,,0,289,1205,1502,14.64415316885465,14.000580025635493,57.01370449286867,6.749998207389567
1252,,0,206,1219,1427,7.052277932035805,6.51248800382633,29.733356689079095,4.329791392039841
1257,Balisée #4,1,59,1224,1292,6.812173975685131,4.589678621708366,73.8294825933382,10.021350954249806
1273,,0,118,1253,1370,16.867928960021878,16.61001204093467,25.5378150983986,2.968977959174672
1287,,0,3,1269,1271,5.557173389428794,5.557173389428794,6.764059432026906,1.7067946096810434
1288,Balisée #5,1,175,1270,1490,19.482275512508977,15.547746784919369,131.15755792176094,14.65808851828655
1314,,0,8,1316,1327,21.018418154235007,16.194134740700157,40.317024939844536,10.15172553523206
1316,,0,93,1318,1410,9.252887439685653,9.45667734072088,14.06280555223692,2.6831685603640474
1318,,0,1,1322,1322,,,,
1323,,0,17,1328,1347,10.682224811751581,8.058094290753061,35.85348658080472,7.598678258483154
1337,,0,1,1354,1354,,,,
1344,Balisée #4,1,129,1368,1502,9.208256985237856,8.62989144707387,37.83731623675092,5.354396546285214
1346,,0,133,1370,1502,17.416668745106616,17.71824554696262,25.71035783492627,3.4305639897145435
1364,,0,5,1424,1428,7.096180848330151,5.925623168991794,13.726343285813664,4.706887487897479
1366,,0,67,1427,1498,15.913904782251738,14.428842075092565,50.163034198501464,7.00327273205901
1367,,0,75,1427,1501,4.392974445202298,3.89308425600927,18.105316898635905,2.5875661298178927
1371,Balisée #2,1,56,1447,1502,6.346728853436802,5.728001396647489,19.85629623066672,3.6656104725073795
1399,,0,2,1501,1502,2.035927307149973,2.035927307149973,2.035927307149973,
