frame_idx,time_s,x_center,y_center,width,height,bbox_area_px,mask_area_sam_px,mask_perimeter_sam_px
4193,139.90657,2759.71,1186.09,27.21,19.15,521.03,489,84.97
4194,139.93994,2759.92,1186.15,27.94,19.42,542.51,509,88.63
4195,139.97331,2759.72,1186.24,27.87,19.35,539.18,515,88.63
4196,140.00667,2759.71,1186.28,28.05,19.27,540.37,520,89.21
4197,140.04004,2759.76,1186.41,28.23,19.31,545.33,529,89.21
4198,140.07341,2759.76,1186.38,27.97,19.3,539.75,525,90.63
4199,140.10677,2759.67,1186.56,27.9,19.36,540.13,522,89.8
4200,140.14014,2759.7,1186.62,27.79,19.53,542.57,516,88.63
4201,140.17351,2759.77,1186.6,28.07,19.64,551.34,522,87.8
4202,140.20687,2759.71,1186.67,27.92,19.57,546.38,521,88.04
4203,140.24024,2759.9,1186.72,28.08,19.39,544.58,525,88.63
4204,140.27361,2759.68,1186.77,27.85,19.2,534.85,522,86.63
4205,140.30697,2759.59,1186.83,27.71,18.97,525.68,519,86.04
4206,140.34034,2759.27,1186.82,27.31,18.71,511.01,511,86.28
4207,140.37371,2758.99,1186.81,27.0,18.52,500.08,496,84.87
4208,140.40707,2758.76,1186.9,27.03,18.4,497.36,501,85.46
4209,140.44044,2758.78,1186.85,27.03,18.23,492.87,494,84.87
4210,140.47381,2758.83,1186.93,26.88,18.4,494.59,498,86.28
4211,140.50717,2758.7,1186.78,26.63,18.48,492.09,488,85.46
4212,140.54054,2758.83,1186.92,26.63,18.78,500.12,488,84.28
4213,140.57391,2758.74,1186.94,26.19,18.92,495.66,482,82.87
4214,140.60727,2758.88,1187.2,26.03,19.46,506.51,479,82.87
4215,140.64064,2758.99,1186.96,26.29,19.39,509.84,488,84.87
4216,140.67401,2758.9,1186.83,26.25,19.41,509.44,492,84.87
4217,140.70737,2758.88,1186.71,26.46,19.72,521.97,494,85.46
4218,140.74074,2759.01,1186.74,26.49,20.22,535.51,502,85.46
4219,140.77411,2758.99,1186.68,26.51,20.26,537.2,505,87.46
4220,140.80747,2759.1,1186.66,26.59,20.19,536.9,507,87.46
4221,140.84084,2759.17,1186.65,26.46,20.22,535.0,509,87.46
4222,140.87421,2759.2,1186.66,26.45,20.03,529.66,504,85.46
4223,140.90757,2759.12,1186.64,26.34,19.73,519.76,511,87.46
4224,140.94094,2759.2,1186.58,26.53,19.67,521.85,512,86.28
4225,140.97431,2758.98,1186.36,26.46,19.41,513.57,513,86.04
4226,141.00767,2758.92,1186.31,26.54,19.48,517.03,505,84.63
4227,141.04104,2758.6,1186.45,26.29,19.61,515.35,505,85.46
4228,141.07441,2758.44,1186.43,26.36,19.37,510.57,496,84.63
4229,141.10777,2758.35,1186.54,26.35,19.14,504.32,496,84.04
4230,141.14114,2757.82,1186.55,25.76,19.1,492.09,479,82.63
4231,141.17451,2757.77,1186.73,26.16,19.19,502.05,484,83.21
4232,141.20787,2757.47,1186.75,26.26,18.85,495.02,475,82.04
4233,141.24124,2757.15,1186.65,26.45,18.89,499.53,473,83.46
4234,141.27461,2756.88,1186.63,26.4,18.78,495.84,471,82.87
4235,141.30797,2756.59,1186.57,26.38,18.81,496.19,477,82.04
4236,141.34134,2756.37,1186.53,26.5,18.95,502.03,480,84.63
4237,141.37471,2756.26,1186.38,26.34,19.09,502.87,477,83.21
4238,141.40807,2756.2,1186.41,26.31,19.0,499.78,476,83.21
4239,141.44144,2756.14,1186.5,26.2,18.85,493.86,470,83.21
4240,141.47481,2756.06,1186.61,26.35,18.88,497.55,479,84.04
4241,141.50817,2756.16,1186.45,26.39,18.86,497.75,477,81.8
4242,141.54154,2756.14,1186.43,26.29,18.96,498.29,471,82.38
4243,141.57491,2755.92,1186.36,26.24,18.92,496.47,479,84.63
4244,141.60827,2755.74,1186.38,26.3,18.95,498.41,497,85.46
4245,141.64164,2755.74,1186.45,26.35,19.36,510.33,493,85.46
4246,141.67501,2755.56,1186.52,26.22,19.57,513.04,500,86.87
4247,141.70838,2755.65,1186.61,26.26,19.68,516.75,495,84.87
4248,141.74174,2755.54,1186.45,25.85,19.44,502.49,478,83.46
4249,141.77511,2755.51,1186.32,25.84,19.72,509.6,479,84.04
4250,141.80848,2755.21,1186.29,25.66,19.48,499.92,469,82.63
4251,141.84184,2755.36,1186.26,25.65,19.48,499.5,473,82.63
4252,141.87521,2754.93,1186.16,25.43,19.61,498.73,468,82.63
4253,141.90858,2754.76,1185.98,25.23,19.56,493.44,469,83.21
4254,141.94194,2754.73,1186.1,25.27,19.76,499.17,472,82.63
4255,141.97531,2754.53,1186.16,25.22,20.04,505.58,472,82.04
4256,142.00868,2754.51,1186.22,25.27,20.07,507.2,483,84.28
4257,142.04204,2754.37,1186.28,25.48,19.93,507.86,484,83.7
4258,142.07541,2754.01,1186.3,26.01,19.69,512.25,496,83.7
4259,142.10878,2753.81,1186.39,26.41,19.62,518.2,491,83.7
4260,142.14214,2753.55,1186.62,26.46,19.37,512.49,493,83.7
4261,142.17551,2753.27,1186.85,26.62,19.34,514.8,499,85.94
4262,142.20888,2753.11,1187.12,26.6,19.27,512.57,497,85.36
4263,142.24224,2752.94,1187.18,26.33,18.92,498.22,489,83.94
4264,142.27561,2752.94,1187.24,26.31,18.87,496.47,485,83.36
4265,142.30898,2752.95,1187.38,26.32,18.8,494.71,485,82.53
4266,142.34234,2752.93,1187.48,26.25,18.84,494.61,472,82.18
4267,142.37571,2752.92,1187.5,26.25,18.81,493.85,480,82.53
4268,142.40908,2752.85,1187.53,26.14,18.79,491.13,474,81.94
4269,142.44244,2752.79,1187.43,26.08,18.65,486.25,473,81.36
4270,142.47581,2752.87,1187.49,26.21,18.79,492.41,481,81.94
4271,142.50918,2752.77,1187.58,25.98,18.74,486.75,481,81.36
4272,142.54254,2752.62,1187.62,25.94,18.83,488.53,486,81.94
4273,142.57591,2752.65,1187.72,25.96,18.82,488.58,491,82.77
4274,142.60928,2752.77,1187.98,25.97,19.06,495.09,496,82.18
4275,142.64264,2752.73,1188.1,25.98,19.32,501.83,497,83.01
4276,142.67601,2752.87,1188.14,25.8,19.45,501.8,494,82.43
4277,142.70938,2752.69,1188.24,25.62,19.47,498.84,489,81.84
4278,142.74274,2752.66,1188.31,25.5,19.69,502.15,493,81.84
4279,142.77611,2752.65,1188.22,25.5,19.72,502.83,488,81.84
4280,142.80948,2752.83,1188.38,25.43,19.84,504.56,492,81.84
4281,142.84284,2752.94,1188.5,25.49,19.76,503.87,501,82.67
4282,142.87621,2752.79,1188.48,25.32,19.77,500.69,498,82.67
4283,142.90958,2752.79,1188.7,25.31,19.87,503.01,505,82.67
4284,142.94294,2752.54,1188.88,25.59,20.04,512.8,513,84.08
4285,142.97631,2752.5,1189.02,25.44,20.11,511.67,516,84.91
4286,143.00968,2752.3,1189.2,25.7,20.03,514.67,526,84.91
4287,143.04304,2752.37,1189.44,25.82,20.19,521.31,529,84.91
4288,143.07641,2752.09,1189.26,25.67,19.86,509.72,522,84.33
4289,143.10978,2751.81,1189.25,25.44,19.41,493.72,523,85.5
4290,143.14314,2751.65,1189.36,25.62,19.35,495.64,512,83.84
4291,143.17651,2751.59,1189.61,25.94,19.29,500.19,530,86.08
4292,143.20988,2751.23,1189.92,25.8,18.88,487.0,521,86.08
4293,143.24324,2750.92,1190.01,25.93,18.53,480.56,520,85.5
4294,143.27661,2750.89,1190.23,25.99,18.31,475.94,516,85.25
4295,143.30998,2750.61,1190.15,25.92,18.13,469.89,506,84.08
4296,143.34334,2750.48,1190.18,25.81,18.22,470.27,503,84.08
4297,143.37671,2750.22,1190.43,25.91,18.24,472.58,506,83.84
4298,143.41008,2750.06,1190.38,25.66,18.16,466.05,505,83.01
4299,143.44344,2750.04,1190.45,25.77,18.31,471.76,510,84.67
4300,143.47681,2749.61,1190.57,25.72,18.47,475.13,506,84.43
4301,143.51018,2749.55,1190.69,25.68,18.51,475.27,498,84.43
4302,143.54354,2749.47,1190.78,25.68,18.86,484.24,506,84.43
4303,143.57691,2749.26,1190.73,25.37,19.09,484.17,503,83.84
4304,143.61028,2749.19,1190.86,25.37,19.39,492.01,506,83.84
4305,143.64364,2749.11,1190.94,25.27,19.61,495.64,498,83.01
4306,143.67701,2749.03,1191.17,25.15,20.04,503.9,509,84.43
4307,143.71038,2749.04,1191.23,25.14,20.07,504.56,503,83.6
4308,143.74374,2748.97,1191.34,25.02,20.22,506.0,515,84.43
4309,143.77711,2748.8,1191.23,24.83,19.98,495.94,512,84.43
4310,143.81048,2748.55,1191.42,24.72,19.98,494.02,530,87.25
4311,143.84384,2748.44,1191.53,24.54,19.94,489.19,523,85.84
4312,143.87721,2748.29,1191.66,24.53,20.07,492.44,520,85.01
4313,143.91058,2748.15,1191.63,24.54,20.02,491.28,525,85.6
4314,143.94394,2748.13,1192.0,24.65,20.15,496.67,525,85.84
4315,143.97731,2747.96,1192.09,24.59,20.13,494.93,526,86.43
4316,144.01068,2747.52,1192.28,24.91,20.09,500.51,532,86.43
4317,144.04404,2747.34,1192.47,25.06,19.93,499.51,537,87.84
4318,144.07741,2747.13,1192.4,25.32,19.94,504.79,543,87.01
4319,144.11078,2746.99,1192.65,25.31,19.55,494.79,546,87.84
4320,144.14414,2746.69,1192.89,25.33,19.64,497.53,541,87.01
4321,144.17751,2746.61,1193.11,25.69,19.6,503.46,545,87.01
4322,144.21088,2746.48,1193.4,25.75,19.14,492.86,540,87.01
4323,144.24424,2746.24,1193.57,25.64,18.74,480.47,518,85.6
4324,144.27761,2746.35,1193.7,26.0,18.92,491.85,531,85.36
4325,144.31098,2746.12,1193.69,25.81,18.84,486.2,517,83.94
4326,144.34434,2746.0,1193.75,25.88,18.84,487.61,500,83.94
4327,144.37771,2746.0,1193.84,26.06,19.01,495.4,497,83.94
4328,144.41108,2745.75,1193.82,25.96,19.03,494.03,482,83.36
4329,144.44444,2745.85,1193.83,26.07,18.87,492.06,484,81.94
4330,144.47781,2745.73,1193.9,25.97,18.85,489.56,479,81.94
4331,144.51118,2745.66,1193.87,25.78,18.63,480.45,475,81.94
4332,144.54454,2745.46,1194.02,25.87,18.61,481.27,464,82.18
4333,144.57791,2745.43,1194.04,25.88,18.55,480.08,470,82.77
4334,144.61128,2745.2,1194.22,25.86,18.95,490.09,470,82.18
4335,144.64464,2745.06,1194.37,26.08,19.21,500.86,477,82.77
4336,144.67801,2745.01,1194.51,25.99,19.39,503.96,484,82.77
4337,144.71138,2744.74,1194.47,26.02,19.13,497.83,487,83.6
4338,144.74474,2744.89,1194.6,26.1,19.52,509.3,490,82.77
4339,144.77811,2744.98,1194.78,25.91,20.04,519.12,503,84.18
4340,144.81148,2744.76,1194.84,26.15,20.23,529.03,508,85.6
4341,144.84484,2744.8,1194.78,26.14,20.32,531.25,522,85.6
4342,144.87821,2744.85,1194.62,26.05,20.38,530.98,531,85.6
4343,144.91158,2744.8,1194.61,25.95,20.44,530.46,523,85.6
4344,144.94494,2744.6,1194.63,26.23,20.42,535.74,531,86.77
4345,144.97831,2744.27,1194.55,26.37,20.5,540.71,531,87.01
4346,145.01168,2744.11,1194.62,26.77,20.65,552.67,536,85.6
4347,145.04505,2744.08,1194.48,26.6,20.17,536.66,527,85.6
4348,145.07841,2744.04,1194.76,26.8,20.1,538.68,529,85.6
4349,145.11178,2743.95,1194.72,26.65,19.82,528.35,520,85.6
4350,145.14515,2744.1,1194.76,26.52,19.47,516.43,497,83.01
4351,145.17851,2744.06,1194.93,26.59,19.47,517.65,514,84.18
4352,145.21188,2743.87,1194.95,26.65,19.17,510.84,513,84.18
4353,145.24525,2743.64,1195.16,26.6,18.98,504.84,514,85.6
4354,145.27861,2743.41,1195.23,26.44,18.93,500.56,518,85.6
4355,145.31198,2743.27,1195.38,26.28,19.05,500.61,521,85.6
4356,145.34535,2743.34,1195.47,26.64,19.02,506.53,519,86.18
4357,145.37871,2743.32,1195.66,26.84,19.1,512.66,520,86.18
4358,145.41208,2743.21,1195.55,26.91,18.96,510.18,522,86.18
4359,145.44545,2743.33,1195.74,27.17,19.02,516.85,517,84.77
4360,145.47881,2743.31,1196.04,27.32,19.1,521.75,528,86.77
4361,145.51218,2743.28,1196.3,27.18,18.81,511.23,531,87.36
4362,145.54555,2743.31,1196.53,27.18,18.87,512.93,527,87.36
4363,145.57891,2743.11,1196.45,26.97,18.69,504.02,530,87.11
4364,145.61228,2742.98,1196.65,26.81,18.84,505.27,530,86.53
4365,145.64565,2743.01,1196.97,26.87,19.04,511.67,545,89.11
4366,145.67901,2743.01,1197.19,26.85,19.12,513.41,545,87.7
4367,145.71238,2742.78,1197.17,26.82,19.34,518.67,546,87.7
4368,145.74575,2742.85,1197.42,26.88,19.64,527.96,538,87.7
4369,145.77911,2742.69,1197.3,27.13,20.06,544.15,555,89.11
4370,145.81248,2742.66,1197.38,27.11,20.2,547.55,548,89.11
4371,145.84585,2742.49,1197.35,27.14,20.5,556.46,554,89.11
4372,145.87921,2742.57,1197.27,27.09,20.81,563.76,564,90.53
4373,145.91258,2742.57,1197.1,26.98,20.85,562.53,559,89.94
4374,145.94595,2742.49,1197.2,26.8,20.77,556.52,548,87.11
4375,145.97931,2742.56,1197.05,26.64,20.49,545.9,539,86.53
4376,146.01268,2742.43,1196.94,26.63,20.42,543.92,544,88.53
4377,146.04605,2742.27,1197.02,26.98,20.55,554.5,552,88.53
4378,146.07941,2742.31,1196.79,26.94,20.17,543.47,551,88.53
4379,146.11278,2742.03,1196.74,27.01,20.04,541.22,559,89.36
4380,146.14615,2742.01,1196.58,27.05,19.87,537.59,552,90.18
4381,146.17951,2741.73,1196.68,27.11,20.06,544.04,564,90.18
4382,146.21288,2741.48,1196.58,27.1,19.95,540.56,563,91.01
4383,146.24625,2741.4,1196.48,27.16,19.74,536.23,555,90.43
4384,146.27961,2741.3,1196.5,27.36,19.69,538.85,554,90.43
4385,146.31298,2741.12,1196.37,27.42,19.52,535.33,544,89.84
4386,146.34635,2741.05,1196.18,27.37,19.29,527.93,537,89.84
4387,146.37971,2740.89,1196.13,27.33,19.05,520.71,528,87.01
4388,146.41308,2740.78,1196.09,27.17,18.85,512.03,522,87.01
4389,146.44645,2740.5,1195.98,27.13,18.82,510.44,520,86.43
4390,146.47981,2740.34,1195.9,27.35,19.19,524.76,529,88.67
4391,146.51318,2740.17,1195.73,27.24,19.27,524.93,534,88.08
4392,146.54655,2739.98,1195.45,27.03,19.15,517.65,528,86.67
4393,146.57991,2739.77,1195.22,27.14,19.27,523.12,532,87.5
4394,146.61328,2739.66,1195.22,26.92,19.33,520.45,526,86.67
4395,146.64665,2739.52,1195.11,26.64,19.26,513.05,532,88.08
4396,146.68001,2739.54,1194.9,26.78,19.26,515.91,531,88.08
4397,146.71338,2739.2,1194.89,26.81,19.5,522.77,530,87.74
4398,146.74675,2739.31,1195.13,26.93,19.76,532.18,536,88.91
4399,146.78011,2739.11,1194.93,26.87,19.6,526.84,526,87.15
4400,146.81348,2738.99,1195.05,26.97,19.73,532.2,533,87.74
4401,146.84685,2738.95,1195.06,26.8,19.62,526.0,534,87.74
4402,146.88021,2739.02,1195.2,26.96,19.77,532.84,537,86.91
4403,146.91358,2739.0,1195.42,26.95,19.92,536.83,535,87.5
4404,146.94695,2738.9,1195.44,26.87,20.17,541.83,537,87.5
4405,146.98031,2739.02,1195.52,26.75,20.27,542.11,550,88.67
4406,147.01368,2738.93,1195.61,26.8,20.01,536.11,545,87.84
4407,147.04705,2739.02,1195.6,27.23,19.91,542.23,539,87.84
4408,147.08041,2738.98,1195.69,27.09,19.95,540.44,543,86.43
4409,147.11378,2738.78,1195.73,27.4,20.09,550.5,551,88.43
4410,147.14715,2738.75,1195.94,27.39,20.1,550.52,548,89.25
4411,147.18051,2738.84,1196.37,27.47,19.92,547.03,557,89.01
4412,147.21388,2738.82,1196.62,27.34,19.75,540.09,553,89.6
4413,147.24725,2738.69,1196.95,27.18,19.57,531.8,553,89.6
4414,147.28061,2738.47,1197.01,27.33,19.55,534.3,556,91.01
4415,147.31398,2738.34,1197.13,27.37,19.53,534.64,552,91.6
4416,147.34735,2738.31,1197.42,27.56,19.54,538.36,554,90.77
4417,147.38071,2738.18,1197.56,27.52,19.55,537.98,561,91.36
4418,147.41408,2738.16,1197.71,27.7,19.69,545.3,560,91.36
4419,147.44745,2738.17,1197.84,27.69,19.84,549.35,563,91.94
4420,147.48081,2738.14,1197.84,27.65,19.89,550.0,576,93.36
4421,147.51418,2738.07,1197.89,27.59,19.98,551.29,571,91.94
4422,147.54755,2737.92,1197.89,27.37,19.91,544.92,577,93.11
4423,147.58091,2737.77,1197.92,27.16,19.94,541.65,572,92.53
4424,147.61428,2737.52,1197.99,26.74,20.02,535.35,570,91.7
4425,147.64765,2737.44,1197.96,26.7,19.97,533.19,569,92.53
4426,147.68101,2737.11,1197.95,26.33,19.94,524.99,558,91.94
4427,147.71438,2736.86,1198.0,26.39,20.04,528.71,567,91.94
4428,147.74775,2736.73,1198.01,25.97,20.07,521.13,558,91.36
4429,147.78111,2736.81,1197.91,26.11,19.93,520.34,558,91.36
4430,147.81448,2736.45,1197.96,26.13,20.08,524.6,556,91.11
4431,147.84785,2736.23,1197.79,25.97,19.75,512.81,554,90.77
4432,147.88121,2736.16,1197.58,26.05,19.49,507.76,553,91.36
4433,147.91458,2736.11,1197.49,26.01,19.68,511.85,552,90.77
4434,147.94795,2736.02,1197.44,26.18,19.79,517.96,552,89.94
4435,147.98131,2736.04,1197.42,26.06,19.93,519.25,552,89.36
4436,148.01468,2735.96,1197.23,26.2,20.19,528.81,554,89.94
4437,148.04805,2736.05,1197.04,26.36,20.21,532.85,550,89.36
4438,148.08141,2735.65,1196.88,26.29,20.04,526.88,551,90.77
4439,148.11478,2735.45,1196.85,26.51,20.08,532.34,556,91.6
4440,148.14815,2735.14,1196.82,26.91,19.71,530.33,547,90.18
4441,148.18151,2735.09,1196.89,26.87,19.69,529.01,554,91.6
4442,148.21488,2734.81,1196.97,26.86,19.84,532.98,543,89.94
4443,148.24825,2734.64,1196.98,26.63,19.69,524.47,537,89.94
4444,148.28161,2734.65,1196.91,26.5,19.49,516.59,535,89.36
4445,148.31498,2734.46,1196.91,26.68,19.45,518.77,528,89.36
4446,148.34835,2734.36,1196.9,26.44,19.46,514.4,528,87.94
4447,148.38172,2734.23,1197.08,26.4,19.55,515.98,529,88.77
4448,148.41508,2733.96,1197.1,26.79,19.65,526.4,540,89.94
4449,148.44845,2733.77,1197.48,27.25,19.88,541.66,555,90.77
4450,148.48182,2733.71,1197.84,27.37,20.17,551.94,565,91.36
4451,148.51518,2733.6,1198.06,27.37,20.19,552.6,565,91.94
4452,148.54855,2733.45,1198.08,27.33,20.2,552.1,557,89.94
4453,148.58192,2733.36,1198.26,27.31,20.53,560.58,558,89.94
4454,148.61528,2733.43,1198.24,27.14,20.48,555.92,555,90.53
4455,148.64865,2733.36,1198.26,27.24,20.53,559.27,559,90.53
4456,148.68202,2733.32,1198.33,27.14,20.66,560.72,562,90.53
4457,148.71538,2733.19,1198.3,27.04,20.59,556.9,559,89.11
4458,148.74875,2733.13,1198.38,26.68,20.76,553.83,562,90.53
4459,148.78212,2733.14,1198.58,26.52,21.17,561.36,561,89.94
4460,148.81548,2733.07,1198.84,26.48,21.69,574.28,565,90.53
4461,148.84885,2733.05,1198.88,26.18,21.75,569.46,573,90.53
4462,148.88222,2733.01,1198.93,26.4,21.87,577.38,579,91.11
4463,148.91558,2732.74,1200.99,26.38,22.02,580.95,593,91.94
4464,148.94895,2732.78,1200.99,26.58,22.02,585.33,596,92.53
4465,148.98232,2732.85,1200.97,26.7,22.06,588.9,595,93.36
4466,149.01568,2732.83,1200.98,26.74,22.05,589.69,598,93.36
4467,149.04905,2732.68,1201.0,27.02,22.01,594.8,607,94.18
4468,149.08242,2732.53,1200.95,26.94,22.11,595.56,607,94.77
4469,149.11578,2732.54,1200.97,27.05,22.06,596.5,609,94.77
4470,149.14915,2731.99,1200.92,26.54,22.16,588.27,597,91.94
4471,149.18252,2731.92,1201.05,26.46,21.89,579.31,596,93.11
4472,149.21588,2731.87,1201.07,26.8,21.85,585.59,597,92.53
4473,149.24925,2731.68,1201.13,26.54,21.73,576.73,595,92.53
4474,149.28262,2731.58,1201.14,26.67,21.72,579.42,588,92.53
4475,149.31598,2731.37,1201.1,26.81,21.81,584.68,588,93.36
4476,149.34935,2731.12,1201.16,26.69,21.68,578.64,578,91.11
4477,149.38272,2731.05,1201.07,26.93,21.86,588.91,584,91.7
4478,149.41608,2730.93,1201.04,26.7,21.92,585.25,585,92.53
4479,149.44945,2730.63,1201.01,26.72,21.99,587.4,589,93.36
4480,149.48282,2730.31,1200.99,26.88,22.03,592.19,598,93.94
4481,149.51618,2730.23,1199.03,26.98,22.06,595.14,586,93.36
4482,149.54955,2729.92,1199.0,27.06,22.0,595.51,582,94.18
4483,149.58292,2729.44,1198.86,26.96,21.73,585.84,573,93.94
4484,149.61628,2729.13,1198.9,26.93,21.81,587.24,573,92.77
4485,149.64965,2728.76,1198.99,26.68,21.99,586.68,568,92.77
4486,149.68302,2728.37,1199.02,26.59,22.04,586.22,572,93.36
4487,149.71638,2727.84,1201.0,26.2,22.01,576.61,567,91.94
4488,149.74975,2727.7,1201.08,25.79,21.84,563.33,567,92.53
4489,149.78312,2727.37,1201.03,25.35,21.94,556.23,576,91.7
4490,149.81648,2727.11,1200.96,25.45,22.08,562.0,571,91.7
4491,149.84985,2726.93,1201.11,25.47,21.77,554.43,573,90.28
4492,149.88322,2726.52,1201.12,25.76,21.77,560.74,578,91.11
4493,149.91658,2726.37,1201.26,25.69,21.49,552.05,585,92.53
4494,149.94995,2726.04,1201.28,25.65,21.45,550.26,576,92.53
4495,149.98332,2725.96,1201.35,25.53,21.32,544.11,582,92.53
4496,150.01668,2725.98,1201.3,25.49,21.41,545.66,580,92.53
4497,150.05005,2725.83,1201.41,25.59,21.19,542.34,590,94.77
4498,150.08342,2725.77,1201.47,25.59,21.06,538.8,590,92.53
4499,150.11678,2725.8,1201.46,25.79,21.08,543.82,595,92.53
4500,150.15015,2725.72,1201.53,25.92,20.96,543.42,580,93.36
4501,150.18352,2725.79,1201.55,26.26,20.92,549.33,591,92.53
4502,150.21688,2725.61,1201.73,26.14,20.59,538.17,586,92.53
4503,150.25025,2725.54,1201.85,26.07,20.35,530.6,576,92.53
4504,150.28362,2725.55,1201.93,26.41,20.28,535.65,576,91.94
4505,150.31698,2725.21,1202.15,26.01,20.01,520.4,574,91.36
4506,150.35035,2725.11,1202.32,25.62,19.89,509.59,555,89.36
4507,150.38372,2724.82,1202.66,25.45,20.05,510.28,563,90.77
4508,150.41708,2724.85,1203.07,25.18,20.36,512.58,564,89.36
4509,150.45045,2724.81,1203.41,25.29,20.52,518.98,578,90.77
4510,150.48382,2724.21,1203.76,25.32,20.38,515.98,586,90.77
4511,150.51718,2723.89,1203.88,25.79,20.51,528.92,593,91.84
4512,150.55055,2723.24,1204.23,26.42,20.51,541.86,587,90.67
4513,150.58392,2723.02,1204.41,26.32,20.26,533.39,575,90.08
4514,150.61728,2723.01,1204.69,26.28,20.21,531.09,570,90.08
4515,150.65065,2722.98,1204.79,26.33,20.21,532.14,564,88.67
4516,150.68402,2722.86,1204.99,26.24,20.11,527.63,560,89.5
4517,150.71738,2722.84,1205.06,26.18,20.21,528.97,563,89.5
4518,150.75075,2722.75,1204.97,26.06,20.26,527.9,561,88.67
4519,150.78412,2722.48,1204.97,25.69,20.27,520.64,545,87.5
4520,150.81748,2722.41,1204.93,25.64,20.22,518.33,546,87.5
4521,150.85085,2722.24,1204.79,25.53,20.23,516.52,556,88.33
4522,150.88422,2721.96,1204.79,25.65,20.51,526.02,555,88.33
4523,150.91758,2721.8,1204.64,25.4,20.19,512.74,558,88.33
4524,150.95095,2721.63,1204.55,25.3,20.41,516.33,558,89.15
4525,150.98432,2721.56,1204.47,25.29,20.78,525.55,558,86.91
4526,151.01768,2721.2,1204.46,25.28,20.66,522.46,560,88.33
4527,151.05105,2721.0,1204.46,25.2,20.88,526.21,569,88.91
4528,151.08442,2721.07,1204.29,25.62,20.96,536.96,568,88.91
4529,151.11778,2720.84,1204.28,25.78,20.89,538.55,572,88.91
4530,151.15115,2720.51,1204.41,25.9,20.92,541.72,563,88.08
4531,151.18452,2720.33,1204.63,26.06,21.2,552.48,571,88.67
4532,151.21788,2720.18,1204.83,26.41,21.14,558.33,559,88.08
4533,151.25125,2719.95,1205.06,26.69,21.05,561.78,559,87.5
4534,151.28462,2719.81,1205.27,26.61,20.84,554.5,547,88.91
4535,151.31798,2719.81,1205.53,26.8,20.57,551.41,537,87.5
4536,151.35135,2719.76,1205.61,26.98,20.65,557.25,545,87.5
4537,151.38472,2719.54,1205.91,26.67,20.64,550.38,534,87.5
4538,151.41808,2719.46,1205.97,27.07,20.61,557.95,541,86.67
4539,151.45145,2719.5,1206.18,27.08,20.55,556.48,557,88.91
4540,151.48482,2719.44,1206.32,27.23,20.47,557.38,557,89.5
4541,151.51818,2719.49,1206.45,27.53,20.6,567.06,559,88.91
4542,151.55155,2719.39,1206.63,27.5,20.69,568.94,569,91.15
4543,151.58492,2719.4,1207.04,27.49,20.87,573.59,567,90.91
4544,151.61828,2719.3,1207.33,27.21,20.61,560.8,570,91.74
4545,151.65165,2718.89,1207.28,26.51,20.66,547.49,562,89.74
4546,151.68502,2718.68,1207.52,26.15,20.8,543.93,548,88.08
4547,151.71839,2718.63,1207.57,26.04,20.94,545.41,557,89.5
4548,151.75175,2718.7,1207.74,25.95,20.98,544.43,558,89.5
4549,151.78512,2718.62,1208.01,25.83,20.96,541.3,548,88.08
4550,151.81849,2718.52,1208.28,25.63,20.92,536.0,547,88.08
4551,151.85185,2718.54,1208.48,25.65,21.2,543.73,542,88.08
4552,151.88522,2718.73,1208.75,25.86,21.14,546.67,545,88.08
4553,151.91859,2718.86,1208.89,25.85,20.96,541.8,545,89.5
4554,151.95195,2718.98,1209.0,25.94,20.96,543.7,557,89.5
4555,151.98532,2719.03,1208.9,26.02,21.02,546.83,553,89.25
4556,152.01869,2719.24,1208.99,26.27,21.2,556.79,553,89.5
4557,152.05205,2719.25,1208.9,26.38,21.18,558.72,549,89.5
4558,152.08542,2719.4,1209.03,26.56,21.04,558.97,542,88.08
4559,152.11879,2719.53,1208.99,26.53,21.16,561.16,533,87.5
4560,152.15215,2719.45,1209.0,26.53,21.06,558.66,532,86.67
4561,152.18552,2719.34,1208.97,26.4,20.98,553.64,529,87.25
4562,152.21889,2719.31,1209.01,26.31,20.74,545.69,537,86.67
4563,152.25225,2719.04,1208.99,25.93,20.8,539.33,541,87.84
4564,152.28562,2718.86,1208.92,25.73,20.68,532.15,524,87.25
4565,152.31899,2718.59,1209.19,25.59,20.8,532.25,528,87.5
4566,152.35235,2718.61,1209.13,25.63,20.89,535.51,540,87.5
4567,152.38572,2718.26,1209.08,25.9,20.9,541.22,544,89.5
4568,152.41909,2718.14,1209.39,25.98,21.02,546.25,544,89.5
4569,152.45245,2717.94,1209.37,26.5,21.13,559.78,542,88.91
4570,152.48582,2717.69,1209.47,26.79,21.22,568.5,552,89.5
4571,152.51919,2717.4,1209.55,26.97,21.25,573.18,553,90.91
4572,152.55255,2716.99,1209.65,26.78,21.36,571.93,556,89.25
4573,152.58592,2716.89,1209.63,26.96,21.44,578.01,550,89.25
4574,152.61929,2716.72,1209.78,26.78,21.47,575.08,544,89.25
4575,152.65265,2716.65,1209.96,26.92,21.72,584.52,559,91.25
4576,152.68602,2716.44,1210.11,26.5,21.78,577.12,553,91.25
4577,152.71939,2716.26,1210.27,26.37,21.94,578.57,546,89.01
4578,152.75275,2716.22,1210.56,26.45,22.23,587.91,547,89.01
4579,152.78612,2716.09,1210.96,26.29,22.32,586.88,544,89.6
4580,152.81949,2715.91,1211.11,25.89,22.31,577.46,544,89.6
4581,152.85285,2715.86,1211.51,25.72,22.33,574.46,535,88.18
4582,152.88622,2715.84,1211.94,25.51,22.35,570.31,530,87.94
4583,152.91959,2715.95,1212.44,25.2,22.13,557.56,535,89.36
4584,152.95295,2715.97,1212.68,25.29,21.96,555.24,545,89.36
4585,152.98632,2716.11,1213.02,24.9,21.76,541.96,527,87.11
4586,153.01969,2716.13,1213.35,25.1,21.67,543.98,535,88.53
4587,153.05305,2716.25,1213.53,25.01,21.52,538.16,534,89.94
4588,153.08642,2716.15,1213.61,24.86,21.38,531.51,545,89.11
4589,153.11979,2716.05,1213.95,24.95,21.69,541.02,538,89.11
4590,153.15315,2716.11,1213.91,24.87,21.61,537.49,541,89.11
4591,153.18652,2715.94,1214.25,24.98,21.93,547.86,550,89.94
4592,153.21989,2715.82,1214.5,24.98,21.94,548.14,545,89.94
4593,153.25325,2715.85,1214.71,25.12,21.87,549.32,539,90.18
4594,153.28662,2715.84,1214.94,25.23,21.93,553.38,546,90.18
4595,153.31999,2715.61,1215.15,25.06,22.12,554.56,544,88.77
4596,153.35335,2715.74,1215.38,24.87,22.13,550.33,549,89.36
4597,153.38672,2715.79,1215.6,25.05,22.12,554.14,552,89.11
4598,153.42009,2715.69,1216.08,24.95,21.7,541.44,548,89.94
4599,153.45345,2715.72,1216.63,24.82,21.82,541.47,538,88.53
4600,153.48682,2715.73,1217.12,24.69,22.21,548.33,533,87.94
4601,153.52019,2715.62,1217.62,24.38,22.31,544.03,544,88.77
4602,153.55355,2715.5,1217.81,24.24,22.35,541.89,549,87.94
4603,153.58692,2715.59,1217.97,24.29,22.13,537.64,549,87.36
4604,153.62029,2715.47,1218.12,23.95,22.31,534.27,548,87.94
4605,153.65365,2715.04,1218.2,24.13,22.15,534.41,563,90.18
4606,153.68702,2715.02,1218.28,24.54,22.03,540.58,569,90.18
4607,153.72039,2714.7,1218.24,23.98,21.99,527.23,557,90.18
4608,153.75375,2714.91,1218.21,23.63,22.26,526.07,551,89.36
4609,153.78712,2714.84,1218.06,23.51,22.27,523.59,560,89.36
4610,153.82049,2714.44,1218.01,23.2,22.25,516.19,557,89.36
4611,153.85385,2714.28,1218.03,22.84,22.06,503.91,546,87.7
4612,153.88722,2714.22,1217.99,22.77,22.35,509.06,549,87.7
4613,153.92059,2714.19,1217.98,22.65,22.38,506.79,555,88.53
4614,153.95395,2714.13,1217.98,22.71,22.38,508.22,559,89.11
4615,153.98732,2714.07,1217.89,22.62,22.33,505.22,551,88.53
4616,154.02069,2714.13,1217.96,22.61,22.6,511.02,547,88.53
4617,154.05405,2714.07,1218.04,22.68,22.5,510.38,548,88.53
4618,154.08742,2714.08,1218.11,22.53,22.71,511.69,558,88.53
4619,154.12079,2713.95,1218.22,22.45,22.79,511.52,543,87.11
4620,154.15415,2713.8,1218.4,22.33,22.77,508.29,549,89.36
4621,154.18752,2713.82,1218.55,22.51,22.77,512.61,553,89.36
4622,154.22089,2713.76,1218.74,22.37,22.64,506.44,551,89.36
4623,154.25425,2713.78,1218.85,22.26,22.8,507.6,544,88.18
4624,154.28762,2713.62,1218.97,22.5,22.59,508.28,546,88.77
4625,154.32099,2713.54,1219.24,22.55,22.57,509.03,548,89.6
4626,154.35435,2713.48,1219.52,22.66,22.59,512.05,549,90.18
4627,154.38772,2713.22,1219.85,22.85,22.6,516.5,568,92.43
4628,154.42109,2713.16,1220.01,22.94,22.87,524.58,564,90.43
4629,154.45445,2713.25,1220.24,22.86,23.32,533.04,565,91.84
4630,154.48782,2713.37,1220.45,22.75,23.69,538.79,571,91.84
4631,154.52119,2713.4,1220.59,22.53,23.52,529.93,578,91.84
4632,154.55455,2713.57,1220.55,21.96,23.62,518.69,560,91.6
4633,154.58792,2713.38,1220.87,21.93,23.63,518.31,548,90.77
4634,154.62129,2713.64,1220.98,22.03,23.53,518.32,544,91.01
4635,154.65465,2713.28,1221.23,21.91,23.25,509.48,539,90.18
4636,154.68802,2713.01,1221.96,22.12,22.93,507.26,535,86.77
4637,154.72139,2713.02,1222.36,22.03,23.22,511.54,544,90.18
4638,154.75475,2712.91,1222.62,22.24,23.12,514.24,540,88.77
4639,154.78812,2712.84,1222.84,22.35,23.14,517.34,547,89.36
4640,154.82149,2712.65,1223.12,22.75,23.34,531.01,561,90.77
4641,154.85485,2712.68,1223.23,22.68,23.35,529.52,554,89.36
4642,154.88822,2712.95,1223.36,22.2,23.45,520.49,549,88.77
4643,154.92159,2712.97,1223.37,22.19,23.64,524.52,550,90.18
4644,154.95495,2712.99,1223.31,22.24,23.84,530.2,553,90.18
4645,154.98832,2712.96,1223.54,22.27,23.91,532.32,564,90.18
4646,155.02169,2712.96,1223.56,22.33,23.86,532.74,562,90.18
4647,155.05506,2712.98,1223.5,22.24,23.94,532.26,561,90.18
4648,155.08842,2712.92,1223.62,22.32,24.11,538.25,564,91.6
4649,155.12179,2712.95,1223.71,22.21,23.93,531.41,556,91.6
4650,155.15516,2712.92,1224.38,22.23,23.91,531.47,542,89.6
4651,155.18852,2712.71,1224.63,22.61,23.98,542.14,558,90.18
4652,155.22189,2712.68,1224.88,22.69,24.01,544.95,562,91.6
4653,155.25526,2712.78,1224.96,22.51,24.04,541.15,557,91.6
4654,155.28862,2712.67,1225.16,22.71,24.1,547.26,559,90.77
4655,155.32199,2712.59,1225.44,22.85,23.89,546.02,559,89.94
4656,155.35536,2712.43,1225.68,23.17,23.97,555.43,549,89.94
4657,155.38872,2711.55,1225.89,23.13,24.13,557.94,545,88.53
4658,155.42209,2711.46,1226.04,22.93,24.04,551.34,529,88.53
4659,155.45546,2711.54,1226.41,23.11,24.21,559.45,527,86.53
4660,155.48882,2711.54,1226.7,23.1,24.18,558.58,523,86.53
4661,155.52219,2711.51,1227.02,23.06,24.05,554.44,529,87.11
4662,155.55556,2711.53,1227.21,23.08,24.15,557.49,529,86.53
4663,155.58892,2712.6,1227.24,22.84,23.89,545.65,524,86.53
4664,155.62229,2712.59,1227.34,22.85,23.97,547.7,539,88.53
4665,155.65566,2712.58,1227.47,22.89,23.86,545.95,528,87.36
4666,155.68902,2712.6,1227.82,22.85,24.13,551.32,523,87.36
4667,155.72239,2712.69,1228.12,22.68,24.22,549.27,529,87.94
4668,155.75576,2712.66,1228.33,22.75,24.29,552.67,533,89.36
4669,155.78912,2712.63,1228.52,22.83,24.5,559.45,528,86.53
4670,155.82249,2712.62,1228.71,22.83,24.46,558.3,526,88.77
4671,155.85586,2712.79,1228.94,22.5,24.48,550.74,522,87.36
4672,155.88922,2712.94,1229.19,22.2,24.47,543.05,524,87.36
4673,155.92259,2712.87,1229.39,22.31,24.07,536.84,524,87.11
4674,155.95596,2712.98,1229.83,22.09,23.93,528.58,518,87.11
4675,155.98932,2713.09,1230.14,21.88,23.59,516.11,515,87.36
4676,156.02269,2713.13,1230.63,21.8,23.69,516.59,527,87.36
4677,156.05606,2713.27,1231.09,21.6,23.9,516.14,530,87.94
4678,156.08942,2713.34,1231.7,21.61,23.81,514.48,536,87.11
4679,156.12279,2713.32,1232.14,21.62,24.06,520.33,541,88.53
4680,156.15616,2713.41,1232.5,21.54,23.91,514.92,534,88.53
4681,156.18952,2713.59,1232.85,21.74,24.21,526.35,552,90.53
4682,156.22289,2713.77,1233.3,21.74,24.49,532.46,552,91.94
4683,156.25626,2713.83,1233.54,21.88,24.79,542.38,551,91.94
4684,156.28962,2713.95,1233.66,21.97,25.1,551.49,550,91.36
4685,156.32299,2714.05,1234.18,21.64,25.59,553.79,549,89.94
4686,156.35636,2713.98,1234.41,21.65,25.52,552.6,546,89.94
4687,156.38972,2713.93,1234.69,21.52,25.58,550.44,539,91.36
4688,156.42309,2713.9,1234.75,21.61,25.55,552.07,548,91.94
4689,156.45646,2713.92,1234.91,21.58,25.52,550.71,543,89.94
4690,156.48982,2713.92,1235.03,21.51,25.5,548.53,538,92.18
4691,156.52319,2713.79,1235.41,21.13,25.21,532.65,541,91.36
4692,156.55656,2713.83,1235.52,20.99,25.27,530.22,552,92.77
4693,156.58992,2713.77,1235.6,21.22,25.36,538.15,545,91.94
4694,156.62329,2713.66,1235.8,21.34,25.39,541.78,542,89.94
4695,156.65666,2713.62,1235.85,21.39,25.34,542.02,557,91.94
4696,156.69002,2713.74,1235.92,21.34,25.29,539.69,554,91.94
4697,156.72339,2713.68,1236.15,21.21,25.21,534.53,553,91.94
4698,156.75676,2713.63,1236.51,21.17,25.02,529.82,542,91.11
4699,156.79012,2713.64,1236.76,21.17,25.11,531.49,548,91.11
4700,156.82349,2713.63,1237.22,21.24,25.3,537.4,546,90.53
4701,156.85686,2713.66,1237.63,20.99,25.23,529.7,544,91.94
4702,156.89022,2713.73,1238.08,20.97,25.17,527.86,539,92.53
4703,156.92359,2713.85,1238.35,20.8,25.33,526.91,539,92.53
4704,156.95696,2713.95,1238.61,21.05,25.07,527.62,537,91.11
4705,156.99032,2714.09,1238.57,21.04,25.0,525.88,535,92.18
4706,157.02369,2714.19,1238.84,21.34,24.9,531.38,544,92.77
4707,157.05706,2714.2,1239.28,21.33,24.87,530.56,553,92.53
4708,157.09042,2714.26,1239.69,21.36,24.84,530.62,548,91.94
4709,157.12379,2714.41,1240.19,21.33,25.09,535.16,547,89.94
4710,157.15716,2714.65,1240.73,21.12,25.07,529.52,548,89.94
4711,157.19052,2714.69,1241.34,21.21,25.2,534.55,533,87.94
4712,157.22389,2715.14,1241.57,20.72,25.12,520.55,515,87.94
4713,157.25726,2715.06,1242.08,20.85,24.94,520.09,516,87.36
4714,157.29062,2714.98,1242.51,20.95,25.07,525.18,515,87.94
4715,157.32399,2714.99,1243.08,21.19,25.34,537.08,525,88.18
4716,157.35736,2715.28,1243.35,21.17,25.62,542.4,528,88.77
4717,157.39072,2715.5,1243.75,21.28,25.61,545.16,532,88.77
4718,157.42409,2715.75,1243.98,21.46,25.54,548.22,519,87.94
4719,157.45746,2715.97,1244.15,21.52,25.65,552.16,509,87.36
4720,157.49082,2716.02,1244.49,21.55,25.66,552.95,511,87.36
4721,157.52419,2716.17,1244.8,21.41,25.76,551.4,513,88.18
4722,157.55756,2716.08,1244.89,21.4,25.53,546.35,511,86.77
4723,157.59092,2715.84,1245.2,21.14,25.64,541.93,509,85.94
4724,157.62429,2715.86,1245.56,21.22,25.62,543.66,505,85.94
4725,157.65766,2715.82,1245.85,21.12,25.69,542.56,520,86.53
4726,157.69102,2715.79,1246.07,21.24,25.45,540.45,510,86.77
4727,157.72439,2715.93,1246.31,21.19,25.37,537.44,515,87.36
4728,157.75776,2716.06,1246.47,21.09,25.53,538.55,511,86.77
4729,157.79112,2715.97,1246.84,21.2,25.36,537.53,513,86.77
4730,157.82449,2715.91,1246.81,21.04,25.29,532.18,524,87.6
4731,157.85786,2715.97,1247.0,20.92,25.06,524.31,511,86.77
4732,157.89122,2716.09,1247.02,20.86,25.05,522.57,515,86.77
4733,157.92459,2716.17,1247.15,20.98,24.96,523.69,507,86.18
4734,157.95796,2716.24,1247.31,21.28,25.06,533.42,499,86.77
4735,157.99132,2716.06,1247.4,21.28,24.84,528.61,500,86.77
4736,158.02469,2715.85,1247.53,21.49,25.1,539.43,506,86.77
4737,158.05806,2715.52,1247.75,22.19,25.44,564.38,523,87.6
4738,158.09142,2715.77,1247.82,21.82,25.58,558.15,511,86.18
4739,158.12479,2715.59,1248.03,21.5,25.44,546.89,502,84.77
4740,158.15816,2715.67,1248.48,20.64,24.91,514.23,494,85.36
4741,158.19152,2715.55,1248.57,20.58,24.97,514.03,494,85.11
4742,158.22489,2715.46,1248.81,20.82,25.01,520.85,491,84.28
4743,158.25826,2715.16,1249.29,20.92,25.22,527.68,502,86.53
4744,158.29162,2714.85,1249.67,20.93,25.29,529.49,505,87.11
4745,158.32499,2714.86,1250.04,20.85,25.58,533.47,513,88.53
4746,158.35836,2714.7,1250.43,20.87,25.6,534.22,516,88.53
4747,158.39173,2714.7,1250.68,20.99,25.59,537.12,527,90.77
4748,158.42509,2714.8,1250.77,20.86,25.41,530.05,529,89.94
4749,158.45846,2714.85,1251.04,20.83,25.31,527.24,520,90.53
4750,158.49183,2714.78,1251.24,21.06,25.31,533.15,523,89.94
4751,158.52519,2714.58,1251.67,20.92,25.06,524.44,517,91.36
4752,158.55856,2714.69,1252.28,21.17,25.0,529.15,516,89.36
4753,158.59193,2714.55,1252.9,21.13,25.17,531.87,524,88.77
4754,158.62529,2714.37,1253.21,21.0,24.88,522.46,515,88.53
4755,158.65866,2714.43,1253.7,21.16,24.73,523.27,530,89.94
4756,158.69203,2714.59,1254.05,21.21,24.7,523.84,535,89.94
4757,158.72539,2714.74,1254.31,21.21,24.61,521.93,536,90.77
4758,158.75876,2714.9,1254.59,21.29,24.74,526.73,527,88.53
4759,158.79213,2715.1,1255.1,21.1,24.53,517.55,514,87.94
4760,158.82549,2715.21,1255.64,21.04,24.54,516.41,506,86.53
4761,158.85886,2715.53,1256.05,20.96,24.63,516.27,503,85.11
4762,158.89223,2715.78,1256.3,20.85,24.31,506.92,501,85.11
4763,158.92559,2715.88,1256.6,21.0,24.26,509.38,500,83.11
4764,158.95896,2715.87,1257.03,21.06,24.06,506.69,507,83.7
4765,158.99233,2716.2,1257.38,21.31,24.05,512.71,520,84.53
4766,159.02569,2716.33,1257.69,21.16,23.69,501.4,523,85.7
4767,159.05906,2716.31,1258.13,21.1,23.65,499.0,524,85.11
4768,159.09243,2716.44,1258.44,20.99,23.97,503.25,524,84.53
4769,159.12579,2716.46,1258.9,20.73,24.33,504.47,532,86.53
4770,159.15916,2716.44,1259.2,21.0,24.67,518.01,527,85.7
4771,159.19253,2716.41,1259.5,21.17,25.15,532.3,542,86.28
4772,159.22589,2716.54,1259.74,21.25,25.58,543.42,547,87.11
4773,159.25926,2716.44,1259.92,21.13,25.91,547.5,523,85.94
4774,159.29263,2716.39,1260.11,21.07,25.89,545.46,531,87.36
4775,159.32599,2716.34,1260.31,20.99,25.86,542.69,522,85.94
4776,159.35936,2716.43,1260.46,20.93,25.94,542.98,535,87.7
4777,159.39273,2716.27,1260.69,20.66,25.75,531.97,529,87.94
4778,159.42609,2716.13,1261.08,20.67,25.72,531.55,530,88.53
4779,159.45946,2716.16,1261.57,20.59,25.47,524.43,541,89.11
4780,159.49283,2716.06,1261.86,20.4,25.45,519.28,532,87.11
4781,159.52619,2716.15,1262.22,20.53,25.42,521.71,546,88.53
4782,159.55956,2716.04,1262.31,20.45,25.25,516.28,548,88.53
4783,159.59293,2716.08,1262.53,20.43,25.13,513.45,544,87.94
4784,159.62629,2715.92,1262.73,20.59,25.01,514.99,541,87.94
4785,159.65966,2715.99,1262.86,20.53,24.8,509.25,535,87.11
4786,159.69303,2716.1,1263.1,20.43,24.74,505.51,526,86.53
4787,159.72639,2716.21,1263.2,20.48,24.83,508.58,522,86.53
4788,159.75976,2716.23,1263.35,20.39,24.66,502.78,518,85.7
4789,159.79313,2716.36,1263.74,20.64,24.79,511.64,531,87.11
4790,159.82649,2716.54,1264.21,20.53,24.78,508.74,533,86.53
4791,159.85986,2716.55,1264.28,20.69,24.75,512.04,540,88.77
4792,159.89323,2716.91,1264.85,21.06,24.82,522.58,552,88.18
4793,159.92659,2716.97,1265.37,21.28,24.86,529.0,560,89.01
